Tissue,cell_line_name,SIDM
Lymphoid,697,SIDM01076
Bladder,5637,SIDM00807
Prostate,22RV1,SIDM00499
Stomach,23132-87,SIDM00980
CNS,42-MG-BA,SIDM00982
Bladder,639-V,SIDM00999
Bladder,647-V,SIDM00983
Kidney,769-P,SIDM00803
Kidney,786-0,SIDM00125
Thyroid,8305C,SIDM00997
Thyroid,8505C,SIDM00996
CNS,8-MG-BA,SIDM00998
Skin,A101D,SIDM00801
CNS,A172,SIDM00799
Soft_tissue,A204,SIDM00798
Skin,A2058,SIDM00797
Head_neck,A253,SIDM00796
Ovary,A2780,SIDM00210
Skin,A375,SIDM00795
Lymphoid,A3-KAW,SIDM00495
Kidney,A498,SIDM00124
Lymphoid,A4-FUK,SIDM00502
Lung,A549,SIDM00903
Bone,A673,SIDM00848
Kidney,A704,SIDM00849
Kidney,ACHN,SIDM00123
Stomach,AGS,SIDM00850
Lymphoid,ALL-PO,SIDM00211
Lymphoid,ALL-SIL,SIDM00994
CNS,AM-38,SIDM00492
Lymphoid,AMO-1,SIDM00993
Endometrium,AN3-CA,SIDM00901
Lymphoid,ARH-77,SIDM00900
Thyroid,ASH-3,SIDM00491
Pancreas,ASPC-1,SIDM00899
Lymphoid,ATN-1,SIDM00233
Breast,AU565,SIDM00898
Lymphoid,BALL-1,SIDM00287
Head_neck,BB49-HNC,SIDM00174
Lymphoid,BC-1,SIDM00896
Thyroid,B-CPAP,SIDM00992
Lymphoid,BE-13,SIDM01245
PNS,BE2-M17,SIDM01229
CNS,BECKER,SIDM00490
Bladder,BFTC-905,SIDM00989
Kidney,BFTC-909,SIDM00988
Thyroid,BHT-101,SIDM00987
Head_neck,BICR10,SIDM00077
Head_neck,BICR22,SIDM00485
Head_neck,BICR78,SIDM00501
Lymphoid,BL-41,SIDM00985
Prostate,BPH-1,SIDM00964
Breast,BT-20,SIDM00893
Breast,BT-474,SIDM00963
Breast,BT-483,SIDM00892
Breast,BT-549,SIDM00122
Lymphoid,BV-173,SIDM00962
Pancreas,BXPC-3,SIDM00132
Large_intestine,C2BBE1,SIDM01233
Skin,C32,SIDM00890
Cervix,C-33-A,SIDM00889
Liver,C3A,SIDM01237
Cervix,C-4-I,SIDM00905
Lymphoid,CA46,SIDM00907
Head_neck,CA9-22,SIDM00489
Bone,CADO-ES1,SIDM00961
Breast,CAL-120,SIDM00940
Breast,CAL-148,SIDM00938
Head_neck,CAL-27,SIDM00937
Bladder,CAL-29,SIDM00936
Head_neck,CAL-33,SIDM00942
Vulva,CAL-39,SIDM00935
Breast,CAL-51,SIDM00933
Kidney,CAL-54,SIDM00932
Thyroid,CAL-62,SIDM00931
Bone,CAL-72,SIDM00930
Bone,CAL-78,SIDM00929
Breast,CAL-85-1,SIDM00928
Lung,CALU-3,SIDM00922
Lung,CALU-6,SIDM00921
Breast,CAMA-1,SIDM00920
Ovary,CAOV-4,SIDM00918
Pancreas,CAPAN-1,SIDM00934
Pancreas,CAPAN-2,SIDM00943
Large_intestine,CAR-1,SIDM00488
CNS,CAS-1,SIDM00212
Cervix,CA-SKI,SIDM00923
Large_intestine,CCK-81,SIDM00487
Lymphoid,CCRF-CEM,SIDM00121
Lymphoid,CESS,SIDM00917
Pancreas,CFPAC-1,SIDM00130
Thyroid,CGTH-W-1,SIDM01248
Skin,CHL-1,SIDM01228
PNS,CHP-134,SIDM00285
PNS,CHP-212,SIDM00910
Bone,CHSA8926,SIDM00176
Large_intestine,CL-11,SIDM00944
Large_intestine,CL-40,SIDM00960
Lymphoid,CML-T1,SIDM00958
Large_intestine,COLO-205,SIDM00826
Large_intestine,COLO-320-HSR,SIDM00842
Lung,COLO-668,SIDM00143
Large_intestine,COLO-678,SIDM00957
Skin,COLO-679,SIDM00284
Esophagus,COLO-680N,SIDM00956
Endometrium,COLO-684,SIDM00142
Skin,COLO-792,SIDM00140
Breast,COLO-824,SIDM00954
Skin,COLO-829,SIDM00909
Lung,COR-L105,SIDM00513
Lung,COR-L23,SIDM00512
Lung,COR-L279,SIDM00511
Lung,COR-L311,SIDM00509
Lung,COR-L32,SIDM00508
Lung,COR-L88,SIDM00506
Lung,COR-L95,SIDM00521
Lung,CPC-N,SIDM00953
Bone,CS1,SIDM00199
Lymphoid,CTV-1,SIDM00951
Large_intestine,CW-2,SIDM00282
CNS,D-263MG,SIDM00732
CNS,D-283MED,SIDM00888
CNS,D-392MG,SIDM00542
Pancreas,DAN-G,SIDM00950
CNS,DAOY,SIDM00887
Lymphoid,DAUDI,SIDM00845
Lymphoid,DB,SIDM00886
CNS,DBTRG-05MG,SIDM00867
Lymphoid,DEL,SIDM00949
Head_neck,DETROIT562,SIDM00831
Lymphoid,DG-75,SIDM00948
Large_intestine,DIFI,SIDM00049
CNS,DK-MG,SIDM00947
Lung,DMS-114,SIDM00865
Lung,DMS-273,SIDM00522
Lung,DMS-53,SIDM00523
Lymphoid,DND-41,SIDM00946
Head_neck,DOK,SIDM00540
Cervix,DOTC2-4510,SIDM00864
Ovary,DOV13,SIDM00969
Bladder,DSH1,SIDM00970
Prostate,DU-145,SIDM00120
Breast,DU-4475,SIDM01001
Lymphoid,EB2,SIDM00863
Lymphoid,EB-3,SIDM00793
Lung,EBC-1,SIDM00486
Stomach,ECC10,SIDM00280
Esophagus,EC-GI-10,SIDM00278
Breast,EFM-19,SIDM01056
Breast,EFM-192A,SIDM01002
Ovary,EFO-21,SIDM01052
Biliary_tract,EGI-1,SIDM01050
Lymphoid,EJM,SIDM01048
Lymphoid,EM-2,SIDM01047
Lung,EMC-BAC-2,SIDM00047
Endometrium,EN,SIDM01045
Lymphoid,EOL-1-CELL,SIDM00277
Lung,EPLC-272H,SIDM01044
Bone,ES1,SIDM00266
Ovary,ES-2,SIDM00861
Bone,ES4,SIDM00264
Bone,ES6,SIDM00262
Bone,ES7,SIDM00269
Bone,ES8,SIDM00261
Esophagus,ESO26,SIDM00539
Esophagus,ESO51,SIDM00538
Endometrium,ESS-1,SIDM01043
Biliary_tract,ETK-1,SIDM00276
Breast,EVSA-T,SIDM01042
Bone,EW-1,SIDM00205
Bone,EW-11,SIDM00203
Bone,EW-13,SIDM00621
Bone,EW-16,SIDM00198
Bone,EW-18,SIDM00197
Bone,EW-22,SIDM00196
Bone,EW-24,SIDM00195
Bone,EW-3,SIDM00202
Bone,EW-7,SIDM00201
Head_neck,FADU,SIDM00860
Esophagus,FLO-1,SIDM01041
Thyroid,FTC-133,SIDM00213
Stomach,FU97,SIDM00503
Ovary,FU-OV-1,SIDM01040
Bone,G-292-CLONE-A141B1,SIDM00858
Skin,G-361,SIDM00857
Kidney,G-401,SIDM00856
Soft_tissue,G-402,SIDM00855
Lymphoid,GA-10,SIDM00854
Skin,GAK,SIDM00543
CNS,GAMG,SIDM01055
CNS,GB-1,SIDM00581
Stomach,GCIY,SIDM00274
Soft_tissue,GCT,SIDM00853
Lymphoid,GDM-1,SIDM01057
CNS,GI-1,SIDM00273
PNS,GI-ME-N,SIDM00227
PNS,GOTO,SIDM00544
Large_intestine,GP5D,SIDM00537
Lymphoid,GRANTA-519,SIDM01058
Lymphoid,GR-ST,SIDM01259
CNS,H4,SIDM00852
Lymphoid,H9,SIDM01251
Lymphoid,HAL-01,SIDM00289
Lung,HARA,SIDM00598
Lymphoid,HC-1,SIDM01073
Breast,HCC1143,SIDM00866
Breast,HCC1187,SIDM00885
Breast,HCC1395,SIDM00884
Breast,HCC1419,SIDM00882
Breast,HCC1428,SIDM00881
Lung,HCC-15,SIDM01072
Breast,HCC1500,SIDM00879
Breast,HCC1599,SIDM00877
Breast,HCC1806,SIDM00875
Breast,HCC1937,SIDM00874
Breast,HCC1954,SIDM00872
Breast,HCC2157,SIDM00774
Large_intestine,HCC2998,SIDM00118
Breast,HCC38,SIDM00675
Lung,HCC-44,SIDM01069
Breast,HCC70,SIDM00673
Lung,HCC-78,SIDM01068
Lung,HCC-827,SIDM01067
Large_intestine,HCT-116,SIDM00783
Large_intestine,HCT-15,SIDM00789
Lymphoid,HDLM-2,SIDM01064
Lymphoid,HD-MY-Z,SIDM01063
Breast,HDQ-P1,SIDM01062
Endometrium,HEC-1,SIDM00596
Cervix,HELA,SIDM00846
Bone,H-EMC-SS,SIDM00535
Ovary,HEY,SIDM00968
Stomach,HGC-27,SIDM00290
Lymphoid,HH,SIDM00671
Lymphoid,HL-60,SIDM00829
Liver,HLE,SIDM00064
Skin,HMV-II,SIDM00291
Head_neck,HO-1-N-1,SIDM00592
Head_neck,HO-1-U-1,SIDM00591
Lung,HOP-62,SIDM00133
Lung,HOP-92,SIDM00134
Bone,HOS,SIDM00806
Pancreas,HPAC,SIDM00670
Pancreas,HPAF-II,SIDM00669
Lymphoid,HS-445,SIDM00668
Breast,HS-578-T,SIDM00135
Soft_tissue,HS-633T,SIDM00667
Stomach,HS-746T,SIDM00665
Pancreas,HS-766T,SIDM00664
Head_neck,HSC-2,SIDM00590
Head_neck,HSC-3,SIDM00589
Stomach,HSC-39,SIDM00045
Head_neck,HSC-4,SIDM00588
Soft_tissue,HT-1080,SIDM00828
Bladder,HT-1197,SIDM00676
Bladder,HT-1376,SIDM00678
Skin,HT-144,SIDM00695
Large_intestine,HT-29,SIDM00136
Cervix,HT-3,SIDM00679
Large_intestine,HT55,SIDM00541
Thyroid,HTC-C3,SIDM00496
Biliary_tract,HUCCT1,SIDM00587
Liver,HUH-1,SIDM00586
Liver,HUH-7,SIDM00585
Bone,HUO-3N1,SIDM00584
Bone,HUO9,SIDM00599
Pancreas,HUP-T3,SIDM00533
Pancreas,HUP-T4,SIDM00531
Lung,IA-LM,SIDM00306
Skin,IGR-1,SIDM01060
Skin,IGR-37,SIDM01066
Ovary,IGROV-1,SIDM00151
Thyroid,IHH-4,SIDM00600
Lymphoid,IM-9,SIDM00632
Stomach,IM-95,SIDM00602
PNS,IMR-5,SIDM01206
Skin,IST-MEL1,SIDM00225
Lung,IST-MES1,SIDM00224
Lung,IST-SL2,SIDM00230
Bladder,J82,SIDM00693
Liver,JHH-1,SIDM00618
Liver,JHH-2,SIDM00617
Liver,JHH-4,SIDM00616
Liver,JHH-6,SIDM00615
Liver,JHH-7,SIDM00614
Head_neck,JHU-022,SIDM00127
Breast,JIMT-1,SIDM01037
Lymphoid,JIYOYEP-2003,SIDM00808
Lymphoid,JJN-3,SIDM01036
Lymphoid,JSC-1,SIDM00688
Lymphoid,JURL-MK1,SIDM01015
Lymphoid,JVM-2,SIDM01013
Lymphoid,JVM-3,SIDM01012
Thyroid,K5,SIDM00056
Lymphoid,K-562,SIDM00791
CNS,KALS-1,SIDM00613
Lymphoid,KARPAS-1106P,SIDM01011
Lymphoid,KARPAS-231,SIDM01017
Lymphoid,KARPAS-299,SIDM01010
Lymphoid,KARPAS-422,SIDM01008
Lymphoid,KARPAS-45,SIDM01007
Lymphoid,KARPAS-620,SIDM01006
Stomach,KATOIII,SIDM00687
Lymphoid,KCL-22,SIDM01004
Lymphoid,KE-37,SIDM01003
PNS,KELLY,SIDM01009
Lymphoid,KG-1,SIDM00785
Ovary,KGN,SIDM00302
CNS,KINGS-1,SIDM00612
Endometrium,KLE,SIDM00686
Large_intestine,KM12,SIDM00150
Lymphoid,KM-H2,SIDM01018
Lymphoid,KMOE-2,SIDM01019
Kidney,KMRC-1,SIDM00611
Kidney,KMRC-20,SIDM00609
Lymphoid,KMS-12-BM,SIDM01020
Lung,KNS-62,SIDM00606
Lymphoid,KOPN-8,SIDM01034
Pancreas,KP-1N,SIDM00583
Pancreas,KP-2,SIDM00582
Pancreas,KP-3,SIDM00571
Pancreas,KP-4,SIDM00301
PNS,KP-N-YN,SIDM00556
CNS,KS-1,SIDM00555
Bladder,KU-19-19,SIDM01033
Lymphoid,KU812,SIDM00308
Ovary,KURAMOCHI,SIDM00554
Lymphoid,KY821,SIDM00553
Esophagus,KYAE-1,SIDM00530
Soft_tissue,KYM-1,SIDM00552
Esophagus,KYSE-140,SIDM01032
Esophagus,KYSE-150,SIDM01031
Esophagus,KYSE-180,SIDM01030
Esophagus,KYSE-220,SIDM00551
Esophagus,KYSE-270,SIDM01029
Esophagus,KYSE-410,SIDM01028
Esophagus,KYSE-450,SIDM01027
Esophagus,KYSE-50,SIDM00550
Esophagus,KYSE-520,SIDM01025
Esophagus,KYSE-70,SIDM01024
Lymphoid,L-1236,SIDM00313
Lymphoid,L-363,SIDM00312
Lymphoid,L-428,SIDM00327
Lymphoid,L-540,SIDM00329
Lymphoid,LAMA-84,SIDM00346
Head_neck,LB771-HNC,SIDM00182
Bladder,LB831-BLC,SIDM00181
Kidney,LB996-RCC,SIDM00180
Lung,LC-1-SQ,SIDM00300
Lymphoid,LC4-1,SIDM00549
Lung,LCLC-103H,SIDM00345
Lung,LCLC-97TM1,SIDM00344
Lung,LK-2,SIDM00548
CNS,LN-18,SIDM00685
CNS,LN-229,SIDM00684
CNS,LN-405,SIDM00343
Prostate,LNCAP-CLONE-FGC,SIDM00683
CNS,LNZTA3WT4,SIDM01220
Lymphoid,LOUCY,SIDM00342
Lung,LOU-NH91,SIDM00341
Large_intestine,LOVO,SIDM00839
Skin,LOXIMVI,SIDM00149
Large_intestine,LS-123,SIDM00776
Large_intestine,LS-180,SIDM00680
Large_intestine,LS-411N,SIDM00660
Large_intestine,LS-513,SIDM00677
Lung,LU-135,SIDM00294
Lung,LU-139,SIDM00293
Lung,LU-165,SIDM00292
Lung,LU-65,SIDM00547
Lung,LU-99A,SIDM01219
Lung,LXF-289,SIDM00339
CNS,M059J,SIDM00659
Skin,M14,SIDM00003
Lymphoid,MC-CAR,SIDM00636
Breast,MCF7,SIDM00148
Breast,MDA-MB-157,SIDM00529
Breast,MDA-MB-175-VII,SIDM00633
Breast,MDA-MB-231,SIDM00146
Breast,MDA-MB-361,SIDM00528
Breast,MDA-MB-415,SIDM00630
Breast,MDA-MB-436,SIDM00629
Breast,MDA-MB-453,SIDM00272
Breast,MDA-MB-468,SIDM00628
Large_intestine,MDST8,SIDM00527
Lymphoid,ME-1,SIDM00338
Cervix,ME-180,SIDM00627
Lymphoid,MEG-01,SIDM00526
Skin,MEL-JUSO,SIDM00336
Uterus,MES-SA,SIDM00625
Skin,MEWO,SIDM00545
Endometrium,MFE-280,SIDM00335
Endometrium,MFE-296,SIDM00334
Endometrium,MFE-319,SIDM00333
Soft_tissue,MFH-INO,SIDM00299
Breast,MFM-223,SIDM00332
Bone,MG-63,SIDM00525
Lymphoid,MHH-CALL-2,SIDM00331
Bone,MHH-ES-1,SIDM00386
Lymphoid,MHH-PREB-1,SIDM00388
Pancreas,MIA-PACA-2,SIDM00505
Stomach,MKN1,SIDM00271
Stomach,MKN28,SIDM00260
Stomach,MKN45,SIDM00247
Lymphoid,ML-2,SIDM00441
Lymphoid,MLMA,SIDM00561
Lymphoid,MM1S,SIDM01265
Lymphoid,MN-60,SIDM00438
CNS,MOG-G-CCM,SIDM00532
CNS,MOG-G-UVW,SIDM00504
Lymphoid,MOLM-13,SIDM00437
Lymphoid,MOLP-8,SIDM00434
Lymphoid,MOLT-13,SIDM00433
Lymphoid,MOLT-16,SIDM00431
Lymphoid,MOLT-4,SIDM00145
Lymphoid,MONO-MAC-6,SIDM01023
Lymphoid,MO-T,SIDM00623
Lung,MPP-89,SIDM00222
Breast,MRK-NU-1,SIDM00562
Lung,MS-1,SIDM00245
Cervix,MS751,SIDM00638
Lung,MSTO-211H,SIDM00640
Lymphoid,MV-4-11,SIDM00657
Lymphoid,NALM-6,SIDM00429
Lymphoid,NAMALWA,SIDM00641
PNS,NBTU1-10,SIDM00579
PNS,NB1,SIDM00578
PNS,NB10,SIDM00259
PNS,NB12,SIDM00258
PNS,NB13,SIDM00257
PNS,NB14,SIDM00256
PNS,NB69,SIDM00244
PNS,NB7,SIDM00156
Testis,NCCIT,SIDM00655
Lung,NCI-H1048,SIDM00654
Lung,NCI-H1092,SIDM00653
Lung,NCI-H1155,SIDM00651
Lung,NCI-H1299,SIDM00649
Lung,NCI-H1341,SIDM00646
Lung,NCI-H1355,SIDM00645
Lung,NCI-H1417,SIDM00642
Lung,NCI-H1435,SIDM00658
Lung,NCI-H1563,SIDM00751
Lung,NCI-H1568,SIDM00750
Lung,NCI-H1573,SIDM00749
Lung,NCI-H1581,SIDM00748
Lung,NCI-H1623,SIDM00747
Lung,NCI-H1648,SIDM00746
Lung,NCI-H1650,SIDM00745
Lung,NCI-H1651,SIDM00744
Lung,NCI-H1666,SIDM00743
Lung,NCI-H1688,SIDM00792
Lung,NCI-H1693,SIDM00742
Lung,NCI-H1694,SIDM00741
Lung,NCI-H1703,SIDM00740
Lung,NCI-H1755,SIDM00738
Lung,NCI-H1781,SIDM00754
Lung,NCI-H1792,SIDM00771
Lung,NCI-H1793,SIDM00755
Lung,NCI-H1838,SIDM00769
Lung,NCI-H1869,SIDM00768
Lung,NCI-H1876,SIDM00766
Lung,NCI-H1915,SIDM00763
Lung,NCI-H1944,SIDM00762
Lung,NCI-H196,SIDM00761
Lung,NCI-H1963,SIDM00760
Lung,NCI-H1975,SIDM00759
Lung,NCI-H1993,SIDM00758
Lung,NCI-H2009,SIDM00756
Lung,NCI-H2023,SIDM00753
Lung,NCI-H2029,SIDM00735
Lung,NCI-H2052,SIDM00713
Lung,NCI-H2066,SIDM00711
Lung,NCI-H2085,SIDM00709
Lung,NCI-H2087,SIDM00708
Lung,NCI-H209,SIDM00706
Lung,NCI-H211,SIDM00704
Lung,NCI-H2122,SIDM00702
Lung,NCI-H2141,SIDM00699
Lung,NCI-H2170,SIDM00716
Lung,NCI-H2228,SIDM00729
Lung,NCI-H226,SIDM00139
Lung,NCI-H23,SIDM00138
Lung,NCI-H2342,SIDM00727
Lung,NCI-H2347,SIDM00726
Lung,NCI-H2369,SIDM00104
Lung,NCI-H2373,SIDM00103
Lung,NCI-H2405,SIDM00724
Lung,NCI-H2452,SIDM00722
Lung,NCI-H2461,SIDM00102
Lung,NCI-H2591,SIDM00101
Lung,NCI-H2595,SIDM00100
Lung,NCI-H2722,SIDM00099
Lung,NCI-H2731,SIDM00098
Lung,NCI-H2795,SIDM00154
Lung,NCI-H28,SIDM00720
Lung,NCI-H2818,SIDM00520
Head_neck,NCI-H3118,SIDM00517
Lung,NCI-H3122,SIDM00137
Lung,NCI-H322M,SIDM00117
Lung,NCI-H345,SIDM00719
Lung,NCI-H358,SIDM00718
Lung,NCI-H441,SIDM00925
Lung,NCI-H446,SIDM00965
Lung,NCI-H513,SIDM00114
Lung,NCI-H520,SIDM01130
Lung,NCI-H522,SIDM00116
Lung,NCI-H524,SIDM01129
Lung,NCI-H526,SIDM01128
Lung,NCI-H596,SIDM01127
Lung,NCI-H64,SIDM01126
Lung,NCI-H650,SIDM01124
Lung,NCI-H661,SIDM01122
Lung,NCI-H69,SIDM01121
Large_intestine,NCI-H716,SIDM00779
Lung,NCI-H720,SIDM01120
Lung,NCI-H727,SIDM01119
Large_intestine,NCI-H747,SIDM00778
Lung,NCI-H810,SIDM01116
Lung,NCI-H82,SIDM01131
Lung,NCI-H835,SIDM01133
Lung,NCI-H841,SIDM01134
Lung,NCI-H847,SIDM01149
Stomach,NCI-N87,SIDM01147
Testis,NEC8,SIDM00243
PNS,NH-12,SIDM00577
Lymphoid,NKM-1,SIDM00576
Lymphoid,NOMO-1,SIDM00580
Bone,NOS-1,SIDM00242
Stomach,NUGC-3,SIDM00572
Stomach,NUGC-4,SIDM00570
Bone,NY,SIDM00569
Esophagus,OACM5-1,SIDM00444
Esophagus,OACP4C,SIDM00445
Ovary,OAW-28,SIDM00481
Ovary,OAW-42,SIDM00480
Ovary,OC-314,SIDM00220
Lymphoid,OCI-AML2,SIDM00446
Lymphoid,OCI-AML3,SIDM00462
Lymphoid,OCI-AML5,SIDM00461
Lymphoid,OCI-M1,SIDM00458
Breast,OCUB-M,SIDM00241
Stomach,OCUM-1,SIDM00568
Esophagus,OE19,SIDM00479
Esophagus,OE21,SIDM00478
Esophagus,OE33,SIDM00477
CNS,ONS-76,SIDM00567
Lymphoid,OPM-2,SIDM00457
Head_neck,OSC-20,SIDM00565
Kidney,OS-RC-2,SIDM00239
Ovary,OV-56,SIDM00475
Ovary,OV-90,SIDM01141
Ovary,OVCA420,SIDM00967
Ovary,OVCAR-3,SIDM00105
Ovary,OVCAR-4,SIDM00092
Ovary,OVCAR-5,SIDM00091
Ovary,OVCAR-8,SIDM00090
Ovary,OVISE,SIDM00564
Ovary,OVKATE,SIDM00466
Ovary,OVMIU,SIDM00465
Ovary,OVTOKO,SIDM00425
Lymphoid,P12-ICHIKAWA,SIDM00463
Lymphoid,P30-OHK,SIDM00364
Lymphoid,P31-FUJ,SIDM00363
Lymphoid,P32-ISH,SIDM00362
Ovary,PA-1,SIDM01140
Pancreas,PANC-02-03,SIDM01139
Pancreas,PANC-03-27,SIDM01138
Pancreas,PANC-04-03,SIDM01137
Pancreas,PANC-08-13,SIDM01136
Pancreas,PANC-10-05,SIDM01135
Pancreas,PA-TU-8902,SIDM00455
Pancreas,PA-TU-8988T,SIDM00453
Lung,PC-14,SIDM00237
Prostate,PC-3,SIDM00088
Head_neck,PCI-30,SIDM00044
Ovary,PEO1,SIDM00472
Lymphoid,PF-382,SIDM00451
CNS,PFSK-1,SIDM01132
Pancreas,PL18,SIDM00054
Pancreas,PL4,SIDM00042
Pancreas,PSN1,SIDM00469
Prostate,PWR-1E,SIDM01114
Lymphoid,RAJI,SIDM00844
Lymphoid,RAMOS-2G6-4C10,SIDM01247
Kidney,RCC10RGB,SIDM00235
Kidney,RCC-JW,SIDM00817
Lymphoid,RC-K8,SIDM00448
Large_intestine,RCM-1,SIDM00359
Soft_tissue,RD,SIDM00847
Lymphoid,REH,SIDM00447
Stomach,RERF-GC-1B,SIDM00358
Lung,RERF-LC-KJ,SIDM00356
Lung,RERF-LC-SQ1,SIDM00354
Lymphoid,RF-48,SIDM01092
Bone,RH-1,SIDM00427
Soft_tissue,RH-41,SIDM00426
Soft_tissue,RKN,SIDM00353
Large_intestine,RKO,SIDM01090
Endometrium,RL95-2,SIDM01088
Ovary,RMG-I,SIDM00352
Thyroid,RO82-W-1,SIDM00218
Lymphoid,RPMI-6666,SIDM00813
Skin,RPMI-7951,SIDM01087
Lymphoid,RPMI-8226,SIDM00087
Lymphoid,RPMI-8402,SIDM00403
Lymphoid,RPMI-8866,SIDM00482
Lymphoid,RS4-11,SIDM01086
Bladder,RT-112,SIDM00402
Bladder,RT4,SIDM01085
Bone,SAOS-2,SIDM01084
Head_neck,SAS,SIDM00351
Head_neck,SAT,SIDM00350
Lung,SBC-3,SIDM00367
Lung,SBC-5,SIDM00368
Head_neck,SCC-15,SIDM01083
Lymphoid,SCC-3,SIDM00384
Head_neck,SCC-4,SIDM01081
Head_neck,SCC-9,SIDM01080
CNS,SF268,SIDM00085
CNS,SF539,SIDM00083
Skin,SH-4,SIDM01079
Lung,SHP-77,SIDM01078
Cervix,SIHA,SIDM01093
PNS,SIMA,SIDM00395
Cervix,SISO,SIDM00394
Soft_tissue,SJRH30,SIDM01095
Bone,SJSA-1,SIDM01112
Large_intestine,SK-CO-1,SIDM01096
Bone,SK-ES-1,SIDM01111
Cervix,SKG-IIIA,SIDM00381
Stomach,SK-GT-2,SIDM00393
Esophagus,SK-GT-4,SIDM00483
Liver,SK-HEP-1,SIDM01110
Soft_tissue,SK-LMS-1,SIDM01109
Lung,SK-LU-1,SIDM01108
Skin,SK-MEL-1,SIDM01107
Skin,SK-MEL-2,SIDM00082
Skin,SK-MEL-24,SIDM01106
Lung,SK-MES-1,SIDM01103
CNS,SK-MG-1,SIDM00379
Lymphoid,SK-MM-2,SIDM00391
Uterus,SKN,SIDM00377
Head_neck,SKN-3,SIDM00375
PNS,SK-N-AS,SIDM01101
PNS,SK-N-DZ,SIDM01100
PNS,SK-N-FI,SIDM01099
PNS,SK-N-SH,SIDM01098
Ovary,SK-OV-3,SIDM00079
CNS,SK-PN-DW,SIDM01097
Uterus,SK-UT-1,SIDM01113
Lymphoid,SLVL,SIDM00374
Kidney,SN12C,SIDM00094
Endometrium,SNG-M,SIDM00373
Stomach,SNU-1,SIDM01146
Stomach,SNU-16,SIDM01145
Large_intestine,SNU-175,SIDM00216
Liver,SNU-182,SIDM01151
Liver,SNU-387,SIDM01180
Liver,SNU-398,SIDM01181
Large_intestine,SNU-407,SIDM00214
Liver,SNU-423,SIDM01199
Liver,SNU-449,SIDM01194
Stomach,SNU-5,SIDM01144
Large_intestine,SNU-61,SIDM00194
Large_intestine,SNU-C1,SIDM01197
Large_intestine,SNU-C2B,SIDM00781
Large_intestine,SNU-C5,SIDM00498
Lymphoid,SR,SIDM00096
Lymphoid,ST486,SIDM01198
Pancreas,SU8686,SIDM01188
Lymphoid,SU-DHL-10,SIDM00389
Lymphoid,SU-DHL-5,SIDM00406
Lymphoid,SU-DHL-6,SIDM00407
Lymphoid,SU-DHL-8,SIDM00423
Pancreas,SUIT-2,SIDM00371
Lymphoid,SUP-B15,SIDM01176
Lymphoid,SUP-HD1,SIDM00422
Lymphoid,SUP-M2,SIDM00421
Lymphoid,SUP-T1,SIDM01154
CNS,SW1088,SIDM01155
Large_intestine,SW1116,SIDM00835
Lung,SW1271,SIDM01156
Adrenal,SW13,SIDM00814
Large_intestine,SW1417,SIDM00812
Large_intestine,SW1463,SIDM00834
Lung,SW1573,SIDM01163
Bladder,SW1710,SIDM00420
CNS,SW1783,SIDM01164
Pancreas,SW1990,SIDM01165
Large_intestine,SW48,SIDM00837
Large_intestine,SW620,SIDM00841
Large_intestine,SW626,SIDM01168
Soft_tissue,SW684,SIDM01175
Cervix,SW756,SIDM01174
Bladder,SW780,SIDM01160
Large_intestine,SW837,SIDM00833
Soft_tissue,SW872,SIDM01159
Lung,SW900,SIDM01158
Large_intestine,SW948,SIDM00832
Soft_tissue,SW982,SIDM01161
Breast,T47D,SIDM00097
Large_intestine,T84,SIDM00782
CNS,T98G,SIDM01171
Bone,TC-71,SIDM00419
Bladder,TCCSUP,SIDM01190
Cervix,TC-YIK,SIDM00234
Esophagus,TE-1,SIDM00369
Esophagus,TE-15,SIDM00249
Esophagus,TE-4,SIDM00250
Esophagus,TE-5,SIDM00347
Esophagus,TE-6,SIDM00328
Esophagus,TE-8,SIDM00326
Esophagus,TE-9,SIDM00325
Stomach,TGBC11TKB,SIDM00251
Biliary_tract,TGBC1TKB,SIDM00252
Biliary_tract,TGBC24TKB,SIDM00267
PNS,TGW,SIDM00324
Lymphoid,TK,SIDM00323
Kidney,TK10,SIDM00113
Ovary,TOV-112D,SIDM01170
Ovary,TOV-21G,SIDM01169
Thyroid,TT,SIDM00484
Esophagus,T-T,SIDM00322
Thyroid,TT2609-C02,SIDM00418
Lymphoid,TUR,SIDM01205
Ovary,TYK-NU,SIDM00321
CNS,U-118-MG,SIDM01193
CNS,U251,SIDM00111
Lymphoid,U-266,SIDM00417
Bone,U-2-OS,SIDM01191
Lymphoid,U-698-M,SIDM00424
CNS,U-87-MG,SIDM01189
Skin,UACC-257,SIDM00108
Skin,UACC-62,SIDM00107
Breast,UACC-812,SIDM01187
Breast,UACC-893,SIDM01186
Lung,UMC-11,SIDM01183
Bladder,UM-UC-3,SIDM01182
Soft_tissue,VA-ES-BJ,SIDM01179
Lymphoid,VAL,SIDM00416
Prostate,VCAP,SIDM01077
Bladder,VM-CUB-1,SIDM00414
Lung,VMRC-LCD,SIDM00320
Kidney,VMRC-RCZ,SIDM00317
Lymphoid,WIL2-NS,SIDM01102
Skin,WM-115,SIDM01000
Skin,WM1552C,SIDM00976
Skin,WM278,SIDM00975
Skin,WM35,SIDM00974
Skin,WM793B,SIDM00973
Lymphoid,WSU-DLCL2,SIDM00413
Lymphoid,WSU-NHL,SIDM00412
Pancreas,YAPC,SIDM00411
CNS,YH-13,SIDM00316
Lymphoid,YT,SIDM00410
Breast,ZR-75-30,SIDM00971
